avg_price,total_spent,purchase_count,fav_category,label
789.2745947008829,4578.724734701001,7,1,1
1052.03480710314,9548.098745295478,8,0,2
2535.322065397483,16140.269480054025,6,0,2
995.0125244417244,11389.391626210652,12,0,1
980.7769912015715,3509.3933744923347,4,0,1
1501.7057833102442,10331.45456381489,8,1,2
650.5260603735799,3214.403106952258,6,1,1
654.4982105020708,5994.769319444349,10,1,1
1221.500636792803,1016.0469478126028,1,1,2
88.0132234541819,1391.2932073813658,15,2,0
1091.3245708734123,7299.497613815103,6,0,2
60.235695973559494,560.6832717641423,11,0,0
763.5126551726436,5603.804792539321,9,1,1
2031.7977924888426,16470.074560428475,9,1,2
1188.4597288922005,2508.820340289192,2,1,2
2423.434239843593,22167.129611123328,8,0,2
196.78915631279784,647.4240366120672,3,2,0
2832.1166626036556,16144.551187472092,5,1,2
1983.2206685949086,8903.286704071546,4,1,2
158.4031669358228,2733.5324613816592,19,2,0
581.3090950706614,7681.494675904444,14,0,1
90.37720770830951,1247.3258966527408,13,2,0
510.88827250614196,905.1055920710227,2,1,1
700.6847349402877,1955.9516522410213,3,1,1
140.4488067683232,1163.9635377513982,9,2,0
133.74248305210827,151.73058899819816,1,0,0
95.4011196783581,385.05903347225023,4,2,0
2118.484457401903,10347.139576823049,6,1,2
1113.8264042569017,8240.899493072397,8,1,2
1127.9450848165466,6175.410108067648,5,0,2
860.4625762416861,4105.0423375731925,5,0,1
48.76501643161693,50.17838135133732,1,2,0
481.1920244753499,1975.4204640634732,4,0,1
624.7587220376561,6187.944806634652,10,0,1
502.495637260225,3482.9984730253436,8,2,1
68.11648972023535,1171.6639727589547,17,2,0
1494.5341661588889,10695.569097080954,7,0,2
983.8228442716645,10583.696737331451,11,1,1
1372.2775082084777,7679.537127044097,6,0,2
136.46578268089436,115.82301338475797,1,2,0
100.30394459992503,430.0849981575225,5,2,0
23.448575156607312,234.6163003441037,12,2,0
61.1281064038529,379.3798128767935,6,2,0
1201.62275560356,8205.553877008584,8,1,2
155.9613759735384,178.45914142139037,1,2,0
54.1178135885607,175.77938442880256,4,0,0
1328.5067745085332,1569.8211445504999,1,0,2
684.6191482259478,1484.45104114323,2,2,1
797.644113033005,898.1705931825934,1,0,1
2188.5888560276408,11595.864271193106,6,1,2
802.2627730355206,1498.6569464921624,2,2,1
2221.917356833397,18548.977126132544,8,0,2
195.5791365222793,3927.30613965705,17,0,0
398.3871040603489,1907.5348014020365,5,2,1
83.83905111937368,1038.0691150762912,11,0,0
144.07669669684515,1964.2623499675844,15,0,0
558.1246539693618,2022.834362175309,4,0,1
41.75744366235143,372.1647923333472,9,2,0
5.91983022490354,74.3224361802191,11,2,0
2242.9168130038884,16312.599543986165,9,0,2
71.4183120602105,975.8798564052958,14,0,0
55.91734008903575,50.12364550884595,1,0,0
419.749801463572,3450.234214945077,10,1,1
26.65047144034998,254.1926633000403,10,0,0
211.28566204798236,382.7776604370374,2,0,1
2530.6424478772733,23486.613982513874,8,1,2
810.4967666836111,11356.987706603892,12,0,1
1128.9148649098174,4028.1545614361585,4,1,2
173.34135703254617,2509.1905785362355,15,2,0
217.3570411075676,247.68200977673408,1,0,1
33.669974273185176,276.8061412330305,7,2,0
478.2724308857035,4384.955048470715,8,0,1
943.1543098808492,12329.851264107769,11,0,1
1590.7815894197013,16684.031198593264,9,0,2
197.41069700053987,1890.4017919211544,9,2,0
96.72009071524565,1027.1886360753329,9,2,0
470.8798771099414,4151.954207021531,10,0,1
98.56686676692264,1316.5703634816055,12,0,0
602.7470613450762,504.0657382638758,1,0,1
67.50984072165002,618.4154063892237,9,2,0
2204.238783666855,7525.399672569353,4,1,2
86.30817794736295,89.62388105739149,1,2,0
29.37878745649598,381.6274744494563,11,2,0
161.04601762891633,3019.9510548501635,19,2,0
185.98275178817113,923.8019059341357,6,0,0
678.9420200553682,9482.617654813508,14,0,1
2220.049016889824,10003.921200292269,4,1,2
1997.2000767842528,4286.81414162659,2,1,2
1928.8032526343839,10227.027201523784,6,1,2
67.37986235473451,1185.377060939521,16,2,0
674.8238827469623,8973.131849007808,14,0,1
897.4567010932802,12449.084301023424,12,0,1
584.7916797756288,4666.182085455846,8,0,1
31.811842097874965,25.567301965161715,1,0,0
2595.034408106358,23830.174360838515,8,1,2
485.7884225892534,5007.334399540734,12,0,1
2163.9982575128283,6419.659541194423,3,1,2
56.69388359516414,112.3843885892839,2,2,0
99.78530479819746,1913.1459631691487,18,2,0
2962.5530479865456,18559.49388611735,6,1,2
2880.702825076361,17508.326317832445,6,1,2
247.52986705448868,1535.3037946983472,7,1,1
1966.937302695395,7313.315225849786,4,0,2
58.95399123306864,515.4385502109136,10,2,0
351.8461275517177,2039.5643100605837,5,0,1
971.9958976691728,5656.622614845507,5,2,1
233.99890229977444,2987.101495389955,13,0,1
1961.2182969855753,10504.060842592753,5,1,2
42.17098387456377,246.9077755779927,5,2,0
1703.4047817005269,1840.5430437992486,1,1,2
529.394618574796,2361.8190494314017,5,2,1
1187.1327712176014,6053.601696333166,5,0,2
1656.2016183803992,7477.1295229040015,4,1,2
2321.7363918495985,22966.7162305678,9,0,2
31.103128432150534,500.48125976692864,16,2,0
700.8331612445827,1622.9546100559774,2,0,1
125.64816803479768,503.7235370483825,5,2,0
1805.226063406899,7303.691685676242,4,0,2
865.4368066745483,3378.400874591972,4,2,1
83.2091995991019,1538.9143091947622,17,2,0
1662.502120622656,11653.04662899531,8,0,2
916.507541900968,907.5481942820774,1,0,1
2104.5062406880193,16756.642632882806,9,1,2
153.37188920580346,1068.0727029122736,6,2,0
123.48940584767115,630.6704823008583,5,2,0
262.44675576842525,3889.1732338567413,13,1,1
829.2569123057102,7858.435037366895,9,2,1
713.7557402493252,9004.426951131754,11,2,1
2412.1971647855207,7577.538976526256,3,0,2
2996.4569622357076,2470.643567668641,1,1,2
595.1855789555879,6573.513963110634,13,0,1
1256.3641463656081,2945.5148555793626,2,1,2
118.34020485187632,647.3515534981373,5,2,0
2125.9644841327545,9184.102016362545,4,1,2
599.6675098013684,7272.0538645461575,11,2,1
166.2358583922318,2577.2620805035417,18,0,0
132.31619362953307,1910.5260641497118,18,0,0
98.09349970690664,526.4204058411192,5,2,0
36.28672513251875,72.60377943863834,2,0,0
93.05599512280214,915.7933045468154,11,2,0
26.063693780276047,309.17836967264185,13,2,0
180.37081843033977,3101.193985133045,15,2,0
2824.410680817353,14580.691139495926,6,1,2
34.65816169250918,647.8394212213531,16,2,0
2083.477143326457,8870.934827150168,5,1,2
2863.589239105967,16739.04844703851,5,1,2
2286.3350870801105,18687.79946396781,9,0,2
46.15659705952047,353.27270404764494,7,2,0
1802.6126707643925,4328.411900549362,3,0,2
87.15810656785284,266.9323271810904,3,2,0
816.7165721342967,4662.866118884696,6,1,1
180.97810269830572,2909.5010649697583,18,2,0
2721.535389909209,20398.618170767153,8,1,2
496.3589449117937,4814.844109792568,10,2,1
1973.9641646099903,16395.018519729438,7,1,2
656.3627222825371,3211.4163095130675,6,0,1
184.23165290271024,1466.7242099440934,7,2,0
2995.3347846772717,15530.614297981223,6,0,2
139.68691251471998,1843.6792140326977,15,2,0
1930.999994338115,14484.089780214563,9,0,2
344.87584555391607,2213.947943242493,6,0,1
2478.344643853445,4438.785303803011,2,1,2
802.9016660562654,11867.501653052817,13,2,1
229.10772635062375,406.2115380387065,2,2,1
2204.833924306821,4194.456078626102,2,1,2
2135.4911981875057,11123.273543810747,6,0,2
133.60448455675848,746.0090201095609,6,0,0
1833.825073437489,16751.579919476044,9,0,2
37.53370681748951,245.514128513731,7,2,0
149.52835600125957,3139.4502161497203,19,2,0
660.9119058395768,4451.148045892501,6,0,1
552.5369760359658,6993.6725751844,11,1,1
196.40651971531847,231.85354886951478,1,0,0
1013.4315683267703,7420.586900671705,8,1,2
986.3640266934518,6245.397136756625,6,0,1
504.2051566124989,3384.7645453667797,7,1,1
137.80504223837337,162.87995907991643,1,2,0
26.474262361745527,453.20007874936255,19,2,0
2462.0597462968212,17063.08208270168,8,0,2
1924.4558602873362,7164.821071300185,4,0,2
516.7525520564849,2543.514848495075,6,2,1
1132.796558086549,11563.483855574574,9,0,2
596.6375684690073,588.4654094596464,1,0,1
655.4163399716323,10794.724943171925,14,0,1
1495.8939833217696,6974.504127906299,4,1,2
84.30392322916724,897.3829683142652,12,2,0
244.1610571914809,2993.004869219793,13,0,1
892.049540458485,4619.623353677696,5,0,1
1993.9591209202556,12930.292759684207,8,1,2
1456.672463263852,15374.547761506588,9,1,2
1171.1152820367863,7541.853724193244,8,0,2
1298.4554568805129,6226.496979327088,4,0,2
782.0570116546431,5644.485858153536,9,2,1
119.60449006777063,2285.015353339747,18,2,0
69.62026723606374,67.70785475234334,1,2,0
823.116005253977,10614.090559030828,11,1,1
164.6866995787402,989.9677282124693,7,2,0
93.29286142788189,517.7910427128181,6,0,0
275.3788606090847,3957.8804875914434,12,2,1
119.68190032552842,1145.8969670028794,10,2,0
56.578772523146796,1276.7418967464403,19,2,0
987.0523106799759,5736.9588852971765,5,2,1
1644.9266371635554,14197.81534100395,8,1,2
960.5911032746454,10823.451066065532,14,2,1
2368.0002071221124,8961.212586617503,4,1,2
483.8190494628386,3154.598998537586,6,0,1
169.953213973742,1591.1637132325493,10,2,0
2180.426548689249,16776.47329822689,7,0,2
405.8324803294471,6514.832645928458,14,2,1
2096.795472069436,5093.273932897065,3,1,2
127.99117166613051,1940.6611880259927,18,0,0
157.76185106527504,2091.220230264542,13,2,0
1710.4086471920155,3177.3653987884945,2,1,2
1176.8775385493095,8401.495893186944,6,0,2
445.79515985388014,5739.657622539624,14,0,1
155.27703297069257,252.77092928515535,2,2,0
409.920947535452,2173.1971568823196,6,0,1
194.96957893921225,741.5534358504566,4,2,0
1080.3631452569407,8672.740127549956,7,0,2
1746.7670865173495,15753.310188539268,9,0,2
9.506150975271145,173.39663307232283,19,2,0
2991.1105991715526,12240.024168997817,4,1,2
1108.7639483336357,6119.079715102625,6,0,2
54.657227570114934,1219.6176118859357,19,0,0
2686.1164819315027,17901.829941867385,6,0,2
157.49647522372905,1543.708592625373,10,2,0
684.6465018211484,2675.9835975678284,4,0,1
911.3209054970714,1805.211345432185,2,2,1
2201.6097782541383,1845.9978410880753,1,0,2
415.0352700775218,422.88488878532087,1,1,1
221.23563423283608,1841.7837895132866,8,0,1
2128.592411658773,6910.024153031567,3,1,2
294.15727682375905,3160.4331187528383,12,1,1
552.4208662642102,533.4957608773555,1,1,1
152.15278878803076,1986.1145892176478,12,2,0
180.10486492950528,1592.270125119231,9,2,0
197.40424833016988,2215.357843217843,14,0,0
1072.6113522089504,2449.9850091333406,2,0,2
198.53052722900594,3503.557019655519,17,2,0
857.6765633501257,2613.109018362679,3,2,1
184.79240783662874,586.2794418419803,3,2,0
157.79242822849181,1455.448109804741,9,0,0
696.8677624928181,5119.14168754547,7,0,1
1706.5790988738936,14632.811101506668,8,1,2
123.3841242200497,1014.2946159715032,7,2,0
156.37848981842208,2171.232381581508,14,2,0
604.1040894794503,594.3682185630895,1,0,1
15.746709377866463,41.09213669265949,3,0,0
168.65354060996404,3216.0969265828426,16,2,0
93.90283605808371,1293.5013261271135,16,2,0
77.48114286115688,1172.4475748843684,18,2,0
2933.5279272840653,17173.192916051914,6,0,2
1201.044002833417,5562.670076183414,5,0,2
2887.894251725193,6702.468285997805,2,0,2
247.79964551652205,213.6783946748096,1,1,1
105.19312411131435,1146.0827954814508,13,2,0
577.5722306861488,6928.6328817362655,12,1,1
1007.2324895698819,2549.693004938093,3,0,2
1389.6753729627837,4141.529959163047,3,0,2
165.5604473665609,871.3990704746013,5,2,0
1061.989576962269,1111.975073216164,1,1,2
356.20116608987325,3777.2336282234637,11,0,1
31.65713842733362,524.5502165940214,14,2,0
77.02301159512577,1360.5418570967136,16,2,0
279.76501468425533,707.4931428140603,3,0,1
1368.6200041797147,7816.635538934124,6,1,2
2976.8948276638603,24574.049792067388,8,1,2
819.1514148016811,2493.3212056428415,3,2,1
283.2170435484944,3738.1725482645884,11,0,1
969.9003498655007,7755.127220203502,7,0,1
815.3842977167462,2550.2248008770016,3,1,1
179.0244793859453,2727.9089200927992,17,0,0
1001.6492336693708,1886.1925617953964,2,0,2
177.1887911666804,1972.4365546096803,12,2,0
968.7977908392269,12345.387933939523,13,0,1
68.21011947880147,840.7845667952797,13,2,0
86.55406367202376,1619.7164204854241,17,2,0
626.0665980555349,2727.0365248204644,5,1,1
115.8191344380979,447.75907635238815,4,0,0
2688.8172283311465,16374.730065889382,7,1,2
583.3590037013676,4864.355437871922,7,0,1
2671.725942538586,11088.40758111322,5,1,2
195.7829127426299,2652.452290997808,14,2,0
39.383687242358874,89.66901734715135,2,0,0
85.82226881541469,274.85930133011186,4,0,0
1925.2001214216166,16770.717282781272,9,0,2
855.0272777321812,1727.8805245520591,2,2,1
641.1779999402372,5092.566853510461,7,0,1
72.2168591489931,408.26325307583966,7,0,0
2693.7484062278254,27625.950949816717,9,1,2
2873.813080045356,15039.462373603174,5,0,2
2373.6991315329337,19506.779098744744,7,0,2
479.301325550175,1483.1170248458973,3,0,1
515.7924883533566,2446.44834540284,5,0,1
981.9286809764507,4897.216265280485,5,2,1
396.4545940170418,6115.553781134109,14,0,1
2419.8527562851637,23556.85038053032,9,1,2
477.7912342338867,3574.447829318506,7,2,1
42.75990932328171,801.6234249835385,19,0,0
197.12240287929689,3208.3896093883586,19,2,0
452.7728044120354,4337.022950138419,11,1,1
855.6251090292487,3231.9500704164216,4,0,1
603.7162609121835,4627.078162778601,8,2,1
994.8570993708571,1972.1621981686094,2,0,1
1820.682717798083,7984.247879867242,4,1,2
2415.3618201601535,8119.525504683594,3,1,2
274.11210586217135,1801.1122884686977,6,0,1
423.42942695292163,2656.819226217297,6,0,1
1280.3594844066633,11960.023611985656,9,1,2
940.4097199769443,10192.058269825426,12,1,1
224.82461045580212,1187.1729185101233,6,1,1
998.0640601528892,10955.832611587113,12,0,1
280.12963139770494,2494.5615977635443,8,2,1
1100.7594765771087,6605.019975077726,7,0,2
581.2833059930567,3918.206789112918,7,1,1
475.36806832278256,1944.8271964014366,4,0,1
145.68556424506855,2713.0070760543476,17,2,0
356.1937211560213,1577.291543043401,5,0,1
1639.3311352541741,15009.573309052501,9,0,2
172.37632536573034,691.757875515686,4,2,0
102.87808998231264,1538.0300891633894,13,2,0
7.848471650653729,80.7103302543211,9,2,0
44.289347137292076,909.2856465978718,19,2,0
406.58718534084323,344.57082693037444,1,2,1
2024.5780854098916,20462.02716319738,9,0,2
818.7593464508966,943.9231107758385,1,1,1
724.2030293969556,11090.778855963976,14,1,1
967.5404022174373,8427.157182909903,8,2,1
2217.3195052535675,18371.53197384907,7,0,2
130.95123211758994,924.1787066585405,6,0,0
2358.1031125759864,5915.277355678282,3,1,2
93.5517257357687,1257.4622050341238,15,2,0
2804.9799348458373,26570.535123189573,9,1,2
914.8881367900707,7999.688256283373,10,0,1
155.14747341985688,2306.222072947049,13,2,0
27.446608458029313,98.76199353246386,3,0,0
2728.216707630691,2749.773613398311,1,0,2
362.0295716347179,5007.567138888104,13,2,1
2296.896341175293,2402.1917834460255,1,0,2
991.2321915871108,2092.7109802309374,2,2,1
444.3343827621153,1861.8793499749302,4,2,1
301.42127017594487,3990.068166062885,13,1,1
180.2456071610263,2136.423224540102,10,2,0
149.56649689579584,629.3786534203875,4,2,0
542.7918709645728,884.0554923444992,2,1,1
948.3990838002362,8793.721702441602,11,0,1
820.542100275084,7120.220126801169,8,0,1
2928.7340166608,22590.07703161909,9,1,2
68.53413949603382,662.6343927168804,9,2,0
1842.1098259914243,3080.2610687225665,2,0,2
14.447503628887146,195.03272675343982,16,2,0
107.77065923940461,839.5982995129233,8,0,0
1085.9152547512892,4728.281564636274,4,1,2
50.13230394148814,152.2479723861447,3,2,0
92.22874155400002,1387.2065978175551,13,2,0
128.4632183689087,2511.4995888582343,19,0,0
134.56273681650936,489.84120083193585,4,0,0
709.4495752030109,7614.51772499884,9,0,1
157.76799167851144,2314.5195593682715,13,2,0
105.9333722596704,588.4261600924564,6,2,0
253.39377800646886,1839.709415526996,7,0,1
217.44328192500348,1835.5240965744808,9,0,1
31.014354315316474,226.0897348285372,8,2,0
379.9169552183308,1298.3298138649448,3,2,1
170.29101027494679,1585.5058913810897,8,2,0
27.89314501137997,227.16249635297962,7,2,0
2784.9686744193195,19873.073200666706,8,0,2
182.56795949539762,2552.7990207199855,14,0,0
751.4112888931893,7218.049828083139,9,0,1
1199.0192857309144,6937.271215966209,7,0,2
64.66180404963251,67.2088891951783,1,0,0
2182.72521950342,14292.6070593912,7,0,2
141.18842313541205,1647.768499178761,11,2,0
173.15947902281374,2050.0320935705417,14,2,0
73.77803781719446,170.7590395989065,2,2,0
2332.104598538297,4386.638241056937,2,1,2
302.506313550385,711.1346150207004,2,2,1
163.41434010423862,688.0652563105608,5,0,0
1161.0898934262264,11971.612519195598,9,0,2
1465.1060304073517,3629.141803738555,3,1,2
136.45842813836003,1541.2333053842158,11,2,0
100.86347942438015,1365.841095551531,16,0,0
2774.845796273473,6113.741290789914,2,0,2
57.99831515117001,842.6910792242318,14,2,0
51.87794829538264,107.49921771366395,2,2,0
1224.2463269447776,7399.259423598652,6,0,2
711.7109304708094,4110.925882166689,5,2,1
188.52874399027044,2138.5335297985557,11,2,0
2586.0415772031793,2380.4576742816776,1,0,2
2285.607528667163,16436.308936949517,8,0,2
136.39375547669306,1882.4151700884292,17,2,0
96.85694380504904,878.2893376300212,10,2,0
2175.043561057749,4240.687724527963,2,1,2
79.36404561881751,243.1390297143071,3,2,0
304.60612840505274,1076.630326405216,3,0,1
121.28026155504364,1491.7513561799985,14,2,0
918.2383394800904,13098.35617773479,12,2,1
800.6727866753945,2183.727091902924,3,0,1
2986.197725435272,23126.671396366113,8,1,2
2176.537109210174,12203.709075277206,7,1,2
9.406142187968932,30.728278966148373,3,2,0
529.062908800478,4577.4924172611145,9,2,1
350.7810558131065,1999.817447050676,5,0,1
410.0341943956663,1694.2250386694773,4,2,1
539.6570029618529,490.08216154258,1,2,1
2514.698865479837,2734.3332308752038,1,1,2
2125.931822669777,13690.553931740878,7,0,2
340.856800652682,1154.73051864979,3,0,1
150.22995577464815,1563.4210610101168,9,2,0
617.1779492296175,6027.297453967938,9,0,1
259.18237163822636,2747.2695310870486,11,0,1
1548.491070436206,8547.44276347123,5,1,2
1544.0903783553388,4558.224252999021,3,0,2
37.07039673325448,64.06689906697015,2,2,0
1828.8545422162815,7389.4009345315235,4,0,2
1766.685586821016,15844.795153391668,8,0,2
1089.7606449525533,3612.5341601594223,4,1,2
2066.7748616620647,4061.208151147196,2,0,2
389.4125995107459,4758.556455743065,12,2,1
568.284181467415,6149.9718677203655,13,0,1
153.40977833870897,1723.6738192310404,11,2,0
2658.3009806915006,2421.3912197402155,1,0,2
929.609846527419,7518.879835755691,9,2,1
988.8627833457579,6608.458566169361,8,1,1
288.46868262184296,3751.9982968212457,11,0,1
945.290916105929,6329.835803733463,7,0,1
15.080602094230226,176.43350566082415,10,0,0
143.78898314546552,1890.411478918615,12,0,0
958.9312525527748,14342.341210298055,13,0,1
52.49052130072821,370.3755132272106,6,2,0
197.71348869176853,1623.470334528311,9,0,0
235.29590725238486,656.1753442977196,3,2,1
307.61892791375453,2855.1924004187113,10,0,1
353.34500796745726,4371.848771255412,11,0,1
182.86859108006396,190.7779657350316,1,2,0
140.85142978843632,319.1422740470614,2,2,0
143.37209008446945,2136.2977705730405,13,2,0
560.3861536480188,7725.58455412309,14,1,1
2521.9059590340075,4673.142941189224,2,0,2
838.5791144055852,8729.307541429765,10,2,1
183.2459740951201,2698.6166561404975,15,2,0
961.4271540865226,3254.8521990700615,4,2,1
2853.8607251193334,19270.820528165397,8,1,2
909.5349778238133,10056.583996022826,10,0,1
841.3990479195603,6815.792497507574,7,0,1
217.7927876830504,3370.893703161554,14,0,1
291.1013338763062,2387.8955453177523,7,2,1
150.4968063594421,1662.1052148501453,13,0,0
658.3388943677716,9209.36482420276,14,1,1
1977.7966029413412,9891.597031536596,5,1,2
317.24784333291433,296.4726564449309,1,2,1
2234.694199851372,15386.593312128374,8,0,2
720.6839048800603,9933.01590307558,12,1,1
168.82890141771418,1173.5639700809127,7,2,0
24.373320569181523,26.748260484996905,1,0,0
451.4592405248253,2214.3626408868586,5,0,1
1515.3741825459947,1315.30877992286,1,1,2
2455.7617839970435,2247.5720922725213,1,1,2
203.69042027581875,996.5555438210364,6,1,1
322.727864197669,3967.1954446670497,14,1,1
120.32013076875165,951.6191013658477,7,2,0
165.1275051720863,2122.550692244087,14,2,0
370.85082620112024,347.50951911374983,1,0,1
1629.3998272742663,6075.231296922579,4,1,2
617.2784642919153,7396.164179120325,14,0,1
132.6254772978624,2060.495931163564,14,2,0
90.80894065117128,106.00824675350552,1,2,0
815.8477977186307,5803.398480496462,7,0,1
814.6248224572789,1781.3996925269967,2,0,1
929.7148617778786,2387.5695777214705,3,1,1
228.10560976535137,1378.0008965917657,7,0,1
68.70207377090964,704.5272462262462,9,2,0
2608.002320526135,2408.488566210817,1,1,2
50.118568462601495,142.38756328952715,3,2,0
571.2790306480063,2535.552528828843,5,0,1
1040.8859662855016,1020.5452825046581,1,1,2
1278.0101570245306,11483.008818696087,8,1,2
1377.5577957273308,7613.517540964527,5,1,2
286.4913037384108,3337.4215778344387,13,0,1
980.2451260657014,10287.790045960857,12,0,1
874.5736137083732,5064.663803176429,5,0,1
60.90218915139757,214.6100177895189,4,2,0
134.943914968407,394.6545855664773,3,2,0
763.9318058999611,7096.594388702558,8,0,1
945.4138333043506,6667.393036006896,8,1,1
178.85518973691475,1378.0607648295797,9,2,0
106.01044607947833,1457.3215890368754,17,2,0
23.642475196544968,346.2197814340588,17,2,0
127.38145463076002,221.89916475110073,2,2,0
396.3140946529898,1414.5219237959666,4,0,1
1819.4021530979892,11927.827376002562,6,0,2
488.67782018329376,2788.0269042910777,5,1,1
2458.8209191986084,23586.20759036848,9,1,2
124.53614580467953,511.0865013314143,4,2,0
856.9486233289517,10488.820638358047,11,0,1
95.20485050156869,642.8624517337572,7,2,0
388.5618128338216,3643.159719223406,8,0,1
380.5172373755092,2690.1293053123763,6,0,1
2950.808647652443,6238.070593301548,2,1,2
1907.2283569092438,15588.6240909011,7,1,2
2695.332935995946,2318.633845635874,1,0,2
155.80456674066065,1086.1384508467295,7,2,0
993.8408544326911,8233.356363759465,7,0,1
1576.6371356209374,9690.141922919056,7,0,2
2297.193582940864,2310.1021532578143,1,0,2
1636.1282942173589,3383.7067965773654,2,1,2
2190.378704250852,3956.029700264906,2,0,2
847.9593588896976,10943.060075630208,13,1,1
2591.050402181533,5749.747631725397,2,0,2
1482.6286759550576,7409.9218866733745,6,0,2
95.87282840187356,346.5902208811687,4,0,0
798.5901516951109,8934.027343409727,12,0,1
801.1108026324086,4814.6988760762315,6,2,1
133.98106617885423,579.9055065895685,4,2,0
194.4728311740183,1340.1871283905557,7,2,0
2489.159519036067,2914.2571857669113,1,0,2
36.57223630436177,751.9083223065957,18,2,0
21.45493882849542,416.68728748871695,19,2,0
1375.7170963853619,1122.8228368111836,1,0,2
133.41180385701765,445.6858581974491,3,2,0
687.777568806089,4767.727125914539,6,2,1
501.0114872886288,2142.9068455294487,5,0,1
1557.2121052669017,15186.244311060796,9,1,2
558.5348762537992,8350.340946157212,13,2,1
795.4178703820277,7458.699186956827,11,0,1
550.9036320515418,2913.1887648743104,5,1,1
1488.2381501711532,11894.44549196411,7,0,2
135.87191053393067,1376.7490898232297,9,2,0
669.5203447477813,3270.815794740676,5,0,1
161.052014621733,1794.7601101660055,11,2,0
975.1910564833049,3476.411976723148,3,1,1
8.46033609153562,124.47716855036347,13,2,0
858.3059764795863,14274.247091383286,14,2,1
184.21396332207695,2139.0299198048406,11,0,0
2035.7571513371568,3512.944065451736,2,0,2
357.935918821457,2172.864044069876,6,2,1
106.86713077564866,1202.4162467103886,13,0,0
32.91115499640168,115.35901435193654,3,0,0
2385.543138509993,19429.29107198568,9,0,2
690.1996712991358,5621.057275989848,7,2,1
119.5221286713309,978.8109567160103,9,2,0
70.82849627289282,1003.8354352267573,14,2,0
120.56847228903112,415.80041486553574,3,2,0
988.3163687437209,4138.689090941013,5,0,1
134.14283880466814,2275.169873755663,16,0,0
1638.3479435346594,7392.026311077569,5,1,2
373.0812689830501,3039.6537261773437,7,0,1
1216.616242377988,2070.056718411149,2,0,2
603.1316465234459,5518.955247195043,8,0,1
35.11132053357163,492.8037294676473,16,2,0
60.07823694562356,759.2998304559504,15,2,0
379.5268901621531,864.3105688912186,2,0,1
1137.2417142177178,1224.5123065553687,1,1,2
155.81653861878846,3148.8060081757203,17,2,0
2484.665309707893,7377.197651843718,3,1,2
2106.8627397739674,11157.42880792662,5,0,2
642.9648196804312,4774.843049631136,8,0,1
178.8476839901843,2268.0431229566952,14,2,0
182.70629795669595,2829.085602175734,19,2,0
914.7146866773061,968.2404105374643,1,0,1
92.9363038010317,195.87554755168858,2,2,0
2516.599086927274,4815.849500330253,2,1,2
2417.724156881625,15531.328429492578,8,0,2
2393.449890549107,16254.699713701124,8,1,2
169.08460981361563,1061.8876740399708,6,2,0
550.618539739757,2536.1100420054136,5,0,1
2772.669647866047,23647.2251759976,8,1,2
67.17528536553513,902.7140033210978,14,2,0
897.4143080605688,4721.76479264887,6,0,1
2732.5515468319445,13973.35274868807,5,0,2
34.800902417763155,579.2741967428612,16,0,0
12.789352112130885,97.8350297257604,9,2,0
2448.0245043686964,10187.627118502991,5,1,2
13.712660162111824,98.48023004953289,6,2,0
365.38114255303094,3540.8853181777604,10,0,1
2112.436905448349,17837.276056385526,9,1,2
126.44642130256508,1397.9982946469554,11,2,0
570.5986602598381,2552.685352673352,4,2,1
931.6801414450889,11481.79402360589,12,0,1
410.4960021711677,1443.1063991684478,3,0,1
133.70993190244283,1363.4542720759105,9,0,0
63.96631902414676,675.5004957266785,13,2,0
1925.59787563357,15239.084421948124,7,1,2
2889.610343888077,15461.406111859373,5,1,2
2625.0326804959295,11665.403936814873,5,0,2
512.8139665058607,3000.6330076453373,7,0,1
603.8967526662965,3184.5532397863844,5,0,1
533.776885803909,3740.442653235328,7,0,1
72.2927420797584,701.9233849261766,12,2,0
196.00814779773518,1973.4500726008005,11,2,0
78.5362228372372,711.6379318975509,9,2,0
2246.143007124071,12851.272068390028,6,1,2
2379.523696888174,21840.117049380293,8,0,2
1396.7659265630562,10794.1484612712,7,1,2
2491.3500013205994,2764.818350207148,1,1,2
167.24303236674615,3077.770160017263,18,2,0
81.22791396462526,284.8031753262233,3,2,0
993.2535578590855,6015.141901049808,7,1,1
471.4490222514753,1171.783420437897,3,0,1
2334.7937761975945,20649.579597855907,9,1,2
134.6701745873515,1464.2450130151256,11,2,0
142.72151127257297,2381.9002524939615,14,2,0
138.11560562933917,2644.7852394363513,16,2,0
24.19135399033553,186.51081007312146,7,2,0
958.1501319621511,1056.4575035735977,1,0,1
2014.4972649234319,11338.320146206815,7,1,2
144.2219946424641,1556.9451009068173,9,2,0
26.454151733245435,190.2816230117531,6,2,0
278.2087408916729,2955.239269713616,11,0,1
226.2151895986852,992.1534613994862,5,0,1
184.3921234406584,1352.164887990312,9,2,0
60.00302872025046,192.59075264364276,3,2,0
2130.931832552475,8975.239212065257,5,0,2
1101.8881780060447,11438.920025925727,9,1,2
2278.425319873003,19616.29819808108,8,0,2
1247.85178550703,11478.889035788967,9,1,2
2756.944310791976,6449.683212249245,2,1,2
377.6719743895518,2581.272894374387,7,2,1
2757.937744772915,5910.975908109208,2,1,2
146.03695517165522,2102.4892182491317,13,0,0
1983.0263461056797,8621.313678056182,5,0,2
96.04942523293785,165.25672239901994,2,0,0
2750.199794122945,17251.049110523185,6,0,2
125.34939567366054,1739.101638608212,14,2,0
94.02966045443794,804.8175407014769,10,0,0
262.11798887310863,1449.5252725406638,5,0,1
66.52494520760678,243.8450938518406,4,2,0
2295.926751791577,1899.9504830657568,1,1,2
1705.4897437165869,10556.408229733579,6,0,2
754.1388351997889,7261.679225558886,9,1,1
1052.4029683755862,996.2836058739576,1,0,2
795.0719713255866,874.3733598482686,1,0,1
150.66268544050277,1178.5105054080834,7,2,0
1193.505796722192,9479.532087352813,7,0,2
1032.5142197854368,2448.3090362602957,2,1,2
160.04742331484925,1165.474134836189,7,2,0
140.08615276508078,1334.192412863407,10,2,0
2041.5412159183377,4608.612802142697,2,0,2
446.35822995832257,2658.676267852135,7,1,1
1446.0722559965907,6811.9157395981465,4,0,2
302.3140358276818,2652.150637476989,10,0,1
177.66377468083292,2580.64646585305,14,0,0
38.095035896155906,133.71906709215827,3,2,0
1909.8504546686113,9027.536978534905,4,0,2
955.4703929265032,13409.761270018089,12,1,1
574.1168931491736,5558.8723925495115,11,0,1
2370.49486421144,21752.42189650449,9,1,2
2639.0559437686843,5721.47527324167,2,1,2
1443.475975274198,1632.5371768420691,1,1,2
1567.2022992111479,4547.915729789841,3,0,2
75.8834218606319,133.67496339616486,2,0,0
2220.8146388669466,15040.497633183748,6,0,2
1628.3097761566846,5906.032355942159,4,1,2
335.13863119890175,3854.5015360172506,13,0,1
2948.2192379611643,7176.00255071674,3,1,2
2297.549807777109,5672.92907733623,3,1,2
501.8922777100663,3556.024884278542,7,1,1
1878.5441236209836,3213.4931850175108,2,1,2
16.273045453960783,231.424734159325,14,2,0
1008.7272430294307,1185.0588178279977,1,0,2
80.24128886174805,1161.6723200361284,18,2,0
1238.0482999643373,5558.255091988027,5,0,2
2653.4298392043734,12350.340447521086,4,1,2
2725.852749909657,17486.184529545462,7,1,2
170.00353376301183,2510.546522806874,14,0,0
85.32106219511186,921.9933603618074,13,0,0
1659.570759103005,8901.592046014806,5,1,2
28.228316169217827,239.04907528482724,10,0,0
615.1201288896455,1851.4079388221876,3,0,1
382.6878365270296,4166.562466719843,10,0,1
1844.9901678363044,12101.819282475772,7,0,2
212.9681346176347,484.3158817196177,2,0,1
1005.4145473515744,7192.854710972671,7,0,2
1469.4069781037915,7130.280325473298,5,1,2
155.6929804942904,136.89798714796976,1,2,0
77.48959940149976,454.4382725900663,7,2,0
65.32653292462865,1334.3763788678905,19,2,0
979.7421347539491,14479.80908138427,13,2,1
2199.2377990257382,1822.3451806624405,1,1,2
12.969344101140305,11.652004303475907,1,0,0
588.3501543991375,7112.063194430179,13,1,1
2553.3773526985806,19744.26841163186,9,1,2
1140.2288640883678,7877.117667068603,7,1,2
34.93216146110428,575.2828488150033,15,2,0
2478.149258032825,2443.665782919414,1,0,2
68.99307519256035,754.6252433841504,13,2,0
520.9276455734916,5973.851000304614,11,2,1
718.0697504774855,5561.243365180238,8,0,1
81.45675462306501,624.9355123785032,9,0,0
123.35173368011172,1223.9539381355596,11,2,0
2638.518771119973,14632.671475292267,5,0,2
615.537457896929,2799.692815298349,4,0,1
973.1068277719803,4418.896095447382,4,0,1
2493.4634296760933,7791.408954029247,3,0,2
1545.6719533529147,2673.61670683603,2,0,2
31.731945969994207,583.2606921470355,18,0,0
624.9272607665695,9707.658099553038,14,2,1
22.794393737447297,194.57220991641674,8,2,0
361.29193403602335,3026.5152564865048,8,2,1
75.79435604918099,908.1572030707054,10,2,0
2348.3061345879296,14950.93563127066,6,1,2
437.19791992042406,4971.209762893846,12,0,1
2422.325596388315,23165.221410952694,9,0,2
236.72463622277192,513.4859131900896,2,0,1
1390.839176821245,1535.9531280033873,1,1,2
899.5556965772618,2006.2199517356491,2,0,1
38.5609223671692,71.38069007907363,2,2,0
168.34668294165584,2457.1735702522046,16,2,0
1326.4133694355742,5025.7129195525295,4,1,2
1085.9502512937977,903.2138836742137,1,1,2
1331.9858229740546,1305.9269380087997,1,0,2
544.489614755751,3961.0911986076694,7,2,1
740.6452536252004,7113.989376733965,12,0,1
614.6127993471803,9671.343035345932,14,0,1
14.975315984044295,112.05041190138175,7,2,0
178.7531669884372,1919.9448916265756,12,2,0
154.78902942624984,334.1115979414764,2,2,0
1121.4143692038235,6860.06200271341,6,0,2
271.69529091525976,2153.8947074747934,9,2,1
176.96216002439928,1447.3664553268898,7,2,0
1657.8873009529852,3125.207066534667,2,1,2
60.2009297716941,1325.4544463213433,19,2,0
991.6570026753466,1161.6373956054592,1,1,1
82.68754157758399,586.195222054077,7,0,0
188.8219063352025,1965.990303102707,11,2,0
555.5678278283398,9236.322359819545,14,0,1
169.78531552707616,951.1250633409742,5,2,0
160.36908886868662,1971.54265961618,15,2,0
157.06187721888844,2022.413231090842,13,2,0
763.3175290228302,2272.661706287169,3,2,1
146.84037947064232,1660.4282514325382,11,0,0
958.1256424976215,10798.002908603756,12,0,1
1143.5541861215374,1069.770072664984,1,0,2
2491.2959824757154,11666.133672017291,5,1,2
2343.969075315883,5596.620032022256,2,1,2
2348.2886017862693,17414.83078790745,9,1,2
2352.0379201787564,19741.377669009766,9,1,2
142.65818730952043,1488.069500939886,12,0,0
470.87367020103505,500.15436412795145,1,0,1
275.3345567369176,2982.2519935111654,10,2,1
1721.1302215517007,7594.565942083113,5,0,2
1331.7320594466858,8660.091196929943,8,0,2
2653.5496560277575,2701.5310360637995,1,1,2
2110.020491879811,12372.058857294465,7,0,2
11.069001502919043,168.210437389569,18,2,0
508.35111187910866,446.73073049772336,1,0,1
2298.785234215481,18847.896946310175,7,0,2
2775.5233514277747,13994.05347418812,5,0,2
2358.290736877787,16729.86844147289,6,1,2
1025.9866973435926,1871.8828694238202,2,0,2
620.641612417376,5597.149338538668,8,1,1
1539.7986879126838,4512.04328323828,3,0,2
2681.3923410675216,17974.54047544312,7,0,2
869.3357696914459,801.1091225911836,1,2,1
2046.8476956897848,11781.618005952263,5,1,2
408.3023212874198,2462.0174021382886,7,0,1
45.12182433772215,424.7283186442258,8,0,0
2113.8674424269007,9912.215918571363,4,0,2
573.5201470034289,2195.0313851147685,4,0,1
907.6784315158319,4595.19967480228,5,2,1
119.12205199402881,95.8838500704584,1,2,0
2862.9238586177785,7296.483298812367,3,0,2
197.65840889451826,1849.7672231406198,11,2,0
2529.4484382835158,14857.276370002395,6,1,2
507.7490221474194,1900.2062289381706,4,0,1
1047.5130129143731,6892.765727708434,8,1,2
677.3182287299987,2892.3630415380053,4,0,1
1151.896731810415,7082.619304770126,6,0,2
2596.7016255197223,2986.5127438176196,1,0,2
175.7937782247723,2140.0716141891694,12,2,0
1994.0516924349645,12972.094402308025,8,0,2
1526.634564512971,11561.294244030454,8,1,2
34.868935020059524,270.3374955588888,8,2,0
778.0216633334519,9817.816843824787,12,1,1
979.6130834873388,11829.442441676703,12,2,1
1127.3271786377272,3570.6885779898203,3,1,2
1211.5002749230282,10198.288029277895,9,1,2
695.0358357919392,4758.019028017948,6,2,1
98.40932002329846,208.82608871585015,2,2,0
1063.1626613859971,1111.727422947001,1,0,2
851.9050711550123,7749.882817178669,11,1,1
897.1528675696501,4194.882456776988,4,0,1
14.720697801205151,296.18177374355787,18,2,0
649.5717430517145,1425.659255203051,2,2,1
984.7332927579577,10507.014915395457,11,0,1
196.02200952182287,441.15291845820406,2,2,0
2049.3350188871436,7090.191459901345,3,0,2
1752.938868812732,10228.685563497616,6,1,2
403.5279517438565,1900.6478813244764,4,0,1
617.0128581446336,4570.336889726749,8,1,1
305.90112268017947,345.9441419575612,1,1,1
455.80861414540266,4749.851353747481,11,1,1
2564.567847007119,3013.434164453699,1,1,2
2758.846817823317,9837.029265850682,3,1,2
1153.277322901763,8409.208989075032,7,1,2
540.3508008854665,6540.730384158711,13,1,1
2097.909065388992,17206.283226479052,8,0,2
2746.4798727077614,5918.126748018479,2,0,2
246.91622663846962,1919.3085679198523,8,1,1
2939.587415501439,27431.76964730255,9,0,2
360.8773069231195,2621.520823292791,9,2,1
1065.735340532938,5412.484359619152,6,0,2
720.4166639932971,607.647529831865,1,0,1
1702.8217027990763,3019.625220581676,2,1,2
156.21864290963782,2972.197089269556,18,2,0
137.42083005258874,1465.1229900004755,9,0,0
2078.875517328779,8553.55754578154,4,0,2
100.09832322590776,103.55952997380959,1,2,0
373.31598212182485,896.2128671711096,3,0,1
85.66663602109827,839.5114479731616,12,2,0
382.0663614557142,780.6322207739328,2,0,1
58.93628868055789,248.35938506198,4,2,0
433.55692320056335,1408.982560246536,3,1,1
2264.8924693815725,4843.840921295418,2,0,2
2658.4422824062385,5517.003565065103,2,0,2
2085.883411544815,1936.079341213973,1,0,2
2437.379343009049,8040.955310963999,4,0,2
1082.506065013125,4546.421240222955,5,1,2
171.97949925522346,2053.3966785906605,14,2,0
974.5974083967445,7458.348883248051,7,0,1
7.419156320595368,7.479192332511509,1,2,0
1813.711678781653,19265.959019317037,9,0,2
749.3396141527876,1370.7482316197493,2,0,1
1214.574115047454,4912.002713348729,4,0,2
402.17476519381717,4904.978578569617,11,0,1
579.5429327594842,7242.1705140762315,12,0,1
1373.3842365625305,1264.4986755705988,1,0,2
88.99666361634684,316.09206905276073,3,0,0
523.590255135158,2491.8013125871103,4,0,1
1270.4427240079722,5344.302441630817,5,1,2
947.7634075068534,5378.511359300694,5,0,1
2707.3013380090006,8390.519621155276,3,0,2
2147.690604049195,19090.56485782336,9,1,2
143.0422600697749,2214.7617743229234,18,0,0
91.02235457250224,837.0875601693915,9,0,0
1510.249312115268,8906.382599683086,5,0,2
700.9349200053828,3287.9222421464224,5,1,1
1541.840786772625,7675.207933672433,5,0,2
812.7335789176509,7504.650603117943,10,2,1
1389.2564232098446,5435.341735300621,4,0,2
342.70473638199707,3145.4047313360256,9,0,1
1024.794427831592,6172.70902746527,6,1,2
2512.1505648564757,16594.69464578248,7,0,2
120.1743088664727,1209.2435783179722,9,2,0
1056.5846112762292,4823.38144621628,5,1,2
1750.556279386988,8318.452651559144,4,0,2
590.9228874738074,5062.173931523896,10,0,1
585.8677731879553,3914.6255557064483,7,0,1
976.9046520989448,3425.2983204664506,3,0,1
76.95892306931312,435.55514228811745,5,2,0
64.35558508522658,896.5599106793676,16,2,0
1273.3266415576604,2438.1221261871797,2,1,2
1171.7724188751458,7364.538061512325,7,0,2
51.826179955572606,268.09992572138003,6,2,0
103.62043125870676,1435.6968122324547,14,0,0
127.27482306506437,1082.157415635674,9,0,0
1443.9045028941343,4607.754890512872,3,1,2
32.88142032237362,371.5373111377464,13,2,0
983.0028533722365,4535.228891181572,4,0,1
1775.728050165241,13472.028812065088,7,0,2
828.5331202823858,13356.845624941521,14,0,1
145.87894490647682,2172.9729801435565,14,2,0
456.2665610438078,1463.4403518805725,3,0,1
1300.2591134985141,6402.735132815303,6,0,2
474.9687213726151,1593.4707769224071,4,2,1
423.31041148258146,2427.9962267192454,6,1,1
965.8537198863864,7127.584161336291,7,2,1
66.50593679554416,1158.0333154778689,18,2,0
29.008237908166855,306.0178820595902,11,2,0
841.3737636254042,3813.1578475780984,5,0,1
301.1244699070443,2319.9396332783886,7,1,1
15.573061108311345,25.44451995548106,2,2,0
2240.063085423341,1843.3953615994426,1,1,2
941.4485159244936,13331.364964586672,14,1,1
2763.814434277855,24593.662967977914,9,0,2
2294.8216457521394,8962.809189866532,4,1,2
60.570568015118674,932.1163605349308,19,2,0
1876.4767141751472,11608.628766901369,7,1,2
32.111981820206104,412.54643656199653,16,2,0
81.15910687333246,626.1363807024655,7,2,0
99.4117161826031,1518.682722625723,13,2,0
768.8223306602744,3837.353825260438,5,0,1
651.4972505939338,2958.2428658407543,5,0,1
72.51809614144578,1075.9794405708758,13,2,0
1894.5513738165382,10906.454017549828,6,0,2
69.16273395864414,283.36930557906743,5,2,0
2982.000496152977,12892.872723422679,5,1,2
105.65852191497112,1054.3922507043762,9,2,0
2447.1187081836065,2845.3209645527804,1,0,2
800.4411576465454,4070.5513246309147,6,0,1
2646.13523313683,27411.09560120778,9,1,2
1453.3973038294214,4444.978562784783,3,0,2
2916.1851583212992,29200.569837274932,9,0,2
180.97474742044466,1926.4624949867778,11,2,0
2249.5212693691833,15982.89688258122,7,1,2
117.71193850712184,907.4705180839009,8,2,0
1873.9785766229036,8432.251779365477,5,1,2
867.2655070735062,8445.023642762157,11,0,1
521.9008071975961,1774.9559774777658,3,1,1
2352.7875534345735,6235.767898066942,3,0,2
1641.6737918796343,7244.473224123187,4,1,2
1183.119668741138,6345.323305099031,6,0,2
39.82146203514096,76.88944299671493,2,2,0
59.94990505052213,429.970928752573,7,2,0
130.9349157260492,699.2456764217038,5,2,0
341.15691808040214,1541.710243072459,4,2,1
2287.4809308485464,8097.687355389538,3,0,2
351.3014298466102,321.2366743334065,1,2,1
1202.3867335066648,1215.5647866123966,1,1,2
877.8562224948037,1440.06062166879,2,2,1
1236.9705047096031,5484.217946565437,5,0,2
2741.4667466357278,23587.599299918562,8,1,2
69.7257251156782,646.6902693305848,8,2,0
786.5829302629736,2787.9566699031816,4,2,1
694.353107757544,1699.8555722709832,3,0,1
23.27040549020401,249.27817934988622,9,2,0
2329.280381852438,9473.695611130152,5,0,2
1644.6775456160885,6831.9626558832915,4,0,2
791.0762512263541,3939.592590550708,6,2,1
13.434162030481637,120.1951720770609,10,2,0
131.6668925534157,622.5946809904049,4,2,0
126.69791509627397,402.8760476903313,3,0,0
1278.99769592438,13171.155106464821,9,0,2
476.504994500883,1240.6555292621736,3,2,1
709.7114586530693,8108.393810126773,10,1,1
335.6701790443933,1105.2654116235037,4,2,1
526.5268325160035,3881.9863555669253,7,2,1
189.07843778277604,1764.539288208549,8,2,0
991.3203774310255,2542.3932848673917,3,1,1
1606.675265364397,1396.5375141869697,1,1,2
339.671101600171,2008.61567323251,6,2,1
407.88753961905013,394.61587225578916,1,2,1
2006.3570534497758,8074.146178199458,5,1,2
23.249960839342787,429.98015131589375,16,2,0
80.17080553185384,440.2970577918419,6,2,0
167.79973004945893,143.52441628895343,1,2,0
796.9415872772414,4473.9411711107805,5,2,1
219.15231406683642,883.782530093714,4,0,1
155.8075903855723,627.6332400613045,4,2,0
108.09374195488807,1037.0740628985852,10,2,0
2973.2518350499286,26781.87219848698,8,0,2
2104.6655004813992,10745.039552136104,5,0,2
988.3828180461118,9928.671286635354,12,1,1
1208.5004325600023,4106.691135264478,4,0,2
741.6995101834907,2597.17088397796,4,2,1
2125.056241511957,5073.966827286747,2,0,2
295.9683934510061,2123.743513188774,6,0,1
2135.6227707086864,20792.0576007999,9,0,2
43.71114662250113,149.96330281086713,3,2,0
502.1822178847352,1350.8900111345806,3,1,1
2765.6186642891603,15756.870117788661,6,0,2
878.3337596772584,7054.29997302732,8,0,1
2584.541674340805,20932.50330656226,7,1,2
41.39317429626132,276.15030262684115,8,2,0
2059.2504819189676,6363.812846740474,3,0,2
1808.552912660898,9342.905718396909,5,1,2
368.5365764024816,1290.2003789758132,3,2,1
1094.5006777129702,3627.943167278111,3,1,2
872.8140512660195,9377.688274024029,10,2,1
32.91611549494265,528.4196308615509,18,0,0
228.0583320766236,481.5224244434314,2,2,1
691.174658606443,4977.257600312752,7,0,1
2310.22778284953,5506.18440316804,2,0,2
1988.5195536237252,8739.472057734629,5,1,2
186.4639856959,1638.4532102762637,10,2,0
16.310731887678806,119.07533118604788,8,2,0
47.458182106158645,267.28979852839916,5,2,0
411.4134866715805,1599.547363778506,4,0,1
21.318374904035114,145.489639821906,6,2,0
189.92187183160667,582.1674876012754,3,2,0
1207.020536620117,4833.866677952728,4,1,2
84.14073851946874,1150.679810672178,16,2,0
533.6778148305825,4069.9533371396446,9,2,1
1869.2083513619307,13114.272612267772,6,0,2
929.0465882402178,942.8778190059522,1,1,1
862.8467318594783,3493.581583730439,5,0,1
640.176106023832,3621.5363120979564,5,2,1
2751.4769719264154,16437.01846320581,5,1,2
127.6472850222833,1833.38672243966,16,2,0
481.34425866650145,880.849603466252,2,0,1
40.60544640278188,319.459047665079,8,2,0
253.51543249245995,1705.9474369680122,7,0,1
1497.3493240723465,8644.371081847768,5,0,2
54.156370644802315,841.6146611231568,15,0,0
803.6760944362684,7269.835046708593,8,2,1
94.78307692514208,994.690933201804,11,2,0
850.7646269487162,4647.640100229711,6,2,1
18.098585156358514,144.82623539269767,10,2,0
168.19351900570155,1718.7624965432506,11,2,0
888.5897198349952,7650.123260820648,8,2,1
122.54948446365917,137.32806066205586,1,2,0
274.5234533541375,893.4879306078577,4,2,1
46.62942652698867,319.3261174964199,6,2,0
2314.6679235367474,14674.330992195079,6,1,2
87.62112475646092,1115.352860341787,12,2,0
57.483778536574086,851.4736336528305,16,0,0
52.58024076650267,1019.4822641257878,17,2,0
1585.8718130076743,5256.352499424851,3,1,2
807.6762721611636,4374.629195025431,5,0,1
160.05347500334094,1664.295855646354,10,2,0
